LOCATION,INDICATOR,SUBJECT,MEASURE,FREQUENCY,TIME,Value,Flag Codes
AUS,WAGEGAP,TOT,PC_MENWAGE,A,1975,21.583,
AUS,WAGEGAP,TOT,PC_MENWAGE,A,1976,20.754999,
AUS,WAGEGAP,TOT,PC_MENWAGE,A,1977,18.391001,
AUS,WAGEGAP,TOT,PC_MENWAGE,A,1978,19.792,
AUS,WAGEGAP,TOT,PC_MENWAGE,A,1979,20,
AUS,WAGEGAP,TOT,PC_MENWAGE,A,1980,18.75,
AUS,WAGEGAP,TOT,PC_MENWAGE,A,1981,18.254,
AUS,WAGEGAP,TOT,PC_MENWAGE,A,1982,20.819,
AUS,WAGEGAP,TOT,PC_MENWAGE,A,1983,19.156,
AUS,WAGEGAP,TOT,PC_MENWAGE,A,1984,18.674999,
AUS,WAGEGAP,TOT,PC_MENWAGE,A,1985,19.608,
AUS,WAGEGAP,TOT,PC_MENWAGE,A,1986,18.848,
AUS,WAGEGAP,TOT,PC_MENWAGE,A,1987,18.518999,
AUS,WAGEGAP,TOT,PC_MENWAGE,A,1988,18.794001,
AUS,WAGEGAP,TOT,PC_MENWAGE,A,1989,18.59,
AUS,WAGEGAP,TOT,PC_MENWAGE,A,1990,18.181999,
AUS,WAGEGAP,TOT,PC_MENWAGE,A,1991,16.016001,
AUS,WAGEGAP,TOT,PC_MENWAGE,A,1992,14.259,
AUS,WAGEGAP,TOT,PC_MENWAGE,A,1993,13.225,
AUS,WAGEGAP,TOT,PC_MENWAGE,A,1994,14.41,
AUS,WAGEGAP,TOT,PC_MENWAGE,A,1995,14.478,
AUS,WAGEGAP,TOT,PC_MENWAGE,A,1997,15.254,
AUS,WAGEGAP,TOT,PC_MENWAGE,A,1998,13.242,
AUS,WAGEGAP,TOT,PC_MENWAGE,A,1999,14.286,
AUS,WAGEGAP,TOT,PC_MENWAGE,A,2000,17.200001,
AUS,WAGEGAP,TOT,PC_MENWAGE,A,2001,14.342,
AUS,WAGEGAP,TOT,PC_MENWAGE,A,2002,15,
AUS,WAGEGAP,TOT,PC_MENWAGE,A,2003,13.043,
AUS,WAGEGAP,TOT,PC_MENWAGE,A,2004,14.353,
AUS,WAGEGAP,TOT,PC_MENWAGE,A,2005,15.778,
AUS,WAGEGAP,TOT,PC_MENWAGE,A,2006,16.667,
AUS,WAGEGAP,TOT,PC_MENWAGE,A,2007,15.4,
AUS,WAGEGAP,TOT,PC_MENWAGE,A,2008,11.937,
AUS,WAGEGAP,TOT,PC_MENWAGE,A,2009,16.364,
AUS,WAGEGAP,TOT,PC_MENWAGE,A,2010,14.043,
AUS,WAGEGAP,TOT,PC_MENWAGE,A,2011,15.966,
AUS,WAGEGAP,TOT,PC_MENWAGE,A,2012,13.75,
AUS,WAGEGAP,TOT,PC_MENWAGE,A,2013,18,
AUS,WAGEGAP,TOT,PC_MENWAGE,A,2014,15.385,
AUT,WAGEGAP,TOT,PC_MENWAGE,A,2000,23.142,
AUT,WAGEGAP,TOT,PC_MENWAGE,A,2001,22.802,
AUT,WAGEGAP,TOT,PC_MENWAGE,A,2002,24.489,
AUT,WAGEGAP,TOT,PC_MENWAGE,A,2003,21.136999,
AUT,WAGEGAP,TOT,PC_MENWAGE,A,2004,22.431,
AUT,WAGEGAP,TOT,PC_MENWAGE,A,2005,22.032,
AUT,WAGEGAP,TOT,PC_MENWAGE,A,2006,21.855,
AUT,WAGEGAP,TOT,PC_MENWAGE,A,2007,21.634001,
AUT,WAGEGAP,TOT,PC_MENWAGE,A,2008,20.917,
AUT,WAGEGAP,TOT,PC_MENWAGE,A,2009,19.356001,
AUT,WAGEGAP,TOT,PC_MENWAGE,A,2010,19.188999,
AUT,WAGEGAP,TOT,PC_MENWAGE,A,2011,18.551001,
AUT,WAGEGAP,TOT,PC_MENWAGE,A,2012,18.184999,
AUT,WAGEGAP,TOT,PC_MENWAGE,A,2013,18.052999,
AUT,WAGEGAP,TOT,PC_MENWAGE,A,2014,17.729,
BEL,WAGEGAP,TOT,PC_MENWAGE,A,1999,15.183,
BEL,WAGEGAP,TOT,PC_MENWAGE,A,2000,13.599,
BEL,WAGEGAP,TOT,PC_MENWAGE,A,2001,13.187,
BEL,WAGEGAP,TOT,PC_MENWAGE,A,2002,11.605,
BEL,WAGEGAP,TOT,PC_MENWAGE,A,2003,15.205,
BEL,WAGEGAP,TOT,PC_MENWAGE,A,2004,11.832,
BEL,WAGEGAP,TOT,PC_MENWAGE,A,2005,11.511,
BEL,WAGEGAP,TOT,PC_MENWAGE,A,2006,10.253,
BEL,WAGEGAP,TOT,PC_MENWAGE,A,2007,9.8739996,
BEL,WAGEGAP,TOT,PC_MENWAGE,A,2008,8.9160004,
BEL,WAGEGAP,TOT,PC_MENWAGE,A,2009,7.48,
BEL,WAGEGAP,TOT,PC_MENWAGE,A,2010,7.0440001,
BEL,WAGEGAP,TOT,PC_MENWAGE,A,2011,5.8379998,
BEL,WAGEGAP,TOT,PC_MENWAGE,A,2012,6.4109998,
BEL,WAGEGAP,TOT,PC_MENWAGE,A,2013,5.9130001,
BEL,WAGEGAP,TOT,PC_MENWAGE,A,2014,3.299,
CAN,WAGEGAP,TOT,PC_MENWAGE,A,1997,24.705999,
CAN,WAGEGAP,TOT,PC_MENWAGE,A,1998,24.855,
CAN,WAGEGAP,TOT,PC_MENWAGE,A,1999,24,
CAN,WAGEGAP,TOT,PC_MENWAGE,A,2000,23.875,
CAN,WAGEGAP,TOT,PC_MENWAGE,A,2001,24.325001,
CAN,WAGEGAP,TOT,PC_MENWAGE,A,2002,24.013,
CAN,WAGEGAP,TOT,PC_MENWAGE,A,2003,22.502001,
CAN,WAGEGAP,TOT,PC_MENWAGE,A,2004,22.718,
CAN,WAGEGAP,TOT,PC_MENWAGE,A,2005,21.25,
CAN,WAGEGAP,TOT,PC_MENWAGE,A,2006,21.122999,
CAN,WAGEGAP,TOT,PC_MENWAGE,A,2007,20.808001,
CAN,WAGEGAP,TOT,PC_MENWAGE,A,2008,20.455,
CAN,WAGEGAP,TOT,PC_MENWAGE,A,2009,20.132,
CAN,WAGEGAP,TOT,PC_MENWAGE,A,2010,18.976999,
CAN,WAGEGAP,TOT,PC_MENWAGE,A,2011,19.176001,
CAN,WAGEGAP,TOT,PC_MENWAGE,A,2012,19.511,
CAN,WAGEGAP,TOT,PC_MENWAGE,A,2013,19.302999,
CAN,WAGEGAP,TOT,PC_MENWAGE,A,2014,19.229,
CAN,WAGEGAP,TOT,PC_MENWAGE,A,2015,18.627001,
CZE,WAGEGAP,TOT,PC_MENWAGE,A,1996,18.290001,
CZE,WAGEGAP,TOT,PC_MENWAGE,A,1997,18.429001,
CZE,WAGEGAP,TOT,PC_MENWAGE,A,1999,19.030001,
CZE,WAGEGAP,TOT,PC_MENWAGE,A,2001,16.877001,
CZE,WAGEGAP,TOT,PC_MENWAGE,A,2002,15.951,
CZE,WAGEGAP,TOT,PC_MENWAGE,A,2003,15.637,
CZE,WAGEGAP,TOT,PC_MENWAGE,A,2004,16.146999,
CZE,WAGEGAP,TOT,PC_MENWAGE,A,2005,15.939,
CZE,WAGEGAP,TOT,PC_MENWAGE,A,2006,15.352,
CZE,WAGEGAP,TOT,PC_MENWAGE,A,2007,16.931999,
CZE,WAGEGAP,TOT,PC_MENWAGE,A,2008,17.872999,
CZE,WAGEGAP,TOT,PC_MENWAGE,A,2009,15.105,
CZE,WAGEGAP,TOT,PC_MENWAGE,A,2010,15.799,
CZE,WAGEGAP,TOT,PC_MENWAGE,A,2011,16.33,
CZE,WAGEGAP,TOT,PC_MENWAGE,A,2012,15.263,
CZE,WAGEGAP,TOT,PC_MENWAGE,A,2013,15.379,
CZE,WAGEGAP,TOT,PC_MENWAGE,A,2014,16.254999,
CZE,WAGEGAP,TOT,PC_MENWAGE,A,2015,16.455,
DNK,WAGEGAP,TOT,PC_MENWAGE,A,2008,10.184,
DNK,WAGEGAP,TOT,PC_MENWAGE,A,2009,10.172,
DNK,WAGEGAP,TOT,PC_MENWAGE,A,2010,8.8950005,
DNK,WAGEGAP,TOT,PC_MENWAGE,A,2011,7.947,
DNK,WAGEGAP,TOT,PC_MENWAGE,A,2012,7,
DNK,WAGEGAP,TOT,PC_MENWAGE,A,2013,6.7690001,
DNK,WAGEGAP,TOT,PC_MENWAGE,A,2014,6.3239999,
FIN,WAGEGAP,TOT,PC_MENWAGE,A,1977,27.690001,
FIN,WAGEGAP,TOT,PC_MENWAGE,A,1978,27.089001,
FIN,WAGEGAP,TOT,PC_MENWAGE,A,1979,27.169001,
FIN,WAGEGAP,TOT,PC_MENWAGE,A,1980,26.624001,
FIN,WAGEGAP,TOT,PC_MENWAGE,A,1982,25.962,
FIN,WAGEGAP,TOT,PC_MENWAGE,A,1983,25.632,
FIN,WAGEGAP,TOT,PC_MENWAGE,A,1984,23.427,
FIN,WAGEGAP,TOT,PC_MENWAGE,A,1986,22.531,
FIN,WAGEGAP,TOT,PC_MENWAGE,A,1987,23.613001,
FIN,WAGEGAP,TOT,PC_MENWAGE,A,1988,23.046,
FIN,WAGEGAP,TOT,PC_MENWAGE,A,1989,23.559,
FIN,WAGEGAP,TOT,PC_MENWAGE,A,1990,22.862,
FIN,WAGEGAP,TOT,PC_MENWAGE,A,1991,21.468,
FIN,WAGEGAP,TOT,PC_MENWAGE,A,1992,20.285,
FIN,WAGEGAP,TOT,PC_MENWAGE,A,1993,21.985001,
FIN,WAGEGAP,TOT,PC_MENWAGE,A,1994,23.15,
FIN,WAGEGAP,TOT,PC_MENWAGE,A,1995,22.402,
FIN,WAGEGAP,TOT,PC_MENWAGE,A,1996,20.583,
FIN,WAGEGAP,TOT,PC_MENWAGE,A,1997,21.332001,
FIN,WAGEGAP,TOT,PC_MENWAGE,A,1998,20.799999,
FIN,WAGEGAP,TOT,PC_MENWAGE,A,1999,21.716,
FIN,WAGEGAP,TOT,PC_MENWAGE,A,2000,20.427,
FIN,WAGEGAP,TOT,PC_MENWAGE,A,2001,21.239,
FIN,WAGEGAP,TOT,PC_MENWAGE,A,2002,20.372999,
FIN,WAGEGAP,TOT,PC_MENWAGE,A,2003,20.099001,
FIN,WAGEGAP,TOT,PC_MENWAGE,A,2004,20.014999,
FIN,WAGEGAP,TOT,PC_MENWAGE,A,2005,18.941999,
FIN,WAGEGAP,TOT,PC_MENWAGE,A,2006,19.375,
FIN,WAGEGAP,TOT,PC_MENWAGE,A,2007,21.377001,
FIN,WAGEGAP,TOT,PC_MENWAGE,A,2008,21.233999,
FIN,WAGEGAP,TOT,PC_MENWAGE,A,2009,19.676001,
FIN,WAGEGAP,TOT,PC_MENWAGE,A,2010,18.877001,
FIN,WAGEGAP,TOT,PC_MENWAGE,A,2011,18.608,
FIN,WAGEGAP,TOT,PC_MENWAGE,A,2012,18.726,
FIN,WAGEGAP,TOT,PC_MENWAGE,A,2013,20.177999,
FIN,WAGEGAP,TOT,PC_MENWAGE,A,2014,19.608999,
FRA,WAGEGAP,TOT,PC_MENWAGE,A,1995,14.571,
FRA,WAGEGAP,TOT,PC_MENWAGE,A,1996,15.63,
FRA,WAGEGAP,TOT,PC_MENWAGE,A,1997,15.38,
FRA,WAGEGAP,TOT,PC_MENWAGE,A,1998,14.574,
FRA,WAGEGAP,TOT,PC_MENWAGE,A,1999,14.32,
FRA,WAGEGAP,TOT,PC_MENWAGE,A,2000,14.571,
FRA,WAGEGAP,TOT,PC_MENWAGE,A,2001,15.125,
FRA,WAGEGAP,TOT,PC_MENWAGE,A,2002,15.205,
FRA,WAGEGAP,TOT,PC_MENWAGE,A,2003,15.144,
FRA,WAGEGAP,TOT,PC_MENWAGE,A,2004,14.954,
FRA,WAGEGAP,TOT,PC_MENWAGE,A,2005,14.389,
FRA,WAGEGAP,TOT,PC_MENWAGE,A,2006,13.978,
FRA,WAGEGAP,TOT,PC_MENWAGE,A,2007,13.965,
FRA,WAGEGAP,TOT,PC_MENWAGE,A,2008,14.344,
FRA,WAGEGAP,TOT,PC_MENWAGE,A,2009,14.031,
FRA,WAGEGAP,TOT,PC_MENWAGE,A,2010,14.054,
FRA,WAGEGAP,TOT,PC_MENWAGE,A,2011,13.951,
FRA,WAGEGAP,TOT,PC_MENWAGE,A,2012,13.673,
DEU,WAGEGAP,TOT,PC_MENWAGE,A,1992,27.013,
DEU,WAGEGAP,TOT,PC_MENWAGE,A,1993,23.392,
DEU,WAGEGAP,TOT,PC_MENWAGE,A,1994,21.025999,
DEU,WAGEGAP,TOT,PC_MENWAGE,A,1995,19.982,
DEU,WAGEGAP,TOT,PC_MENWAGE,A,1996,20.892,
DEU,WAGEGAP,TOT,PC_MENWAGE,A,1997,21.455,
DEU,WAGEGAP,TOT,PC_MENWAGE,A,1998,21.164,
DEU,WAGEGAP,TOT,PC_MENWAGE,A,1999,21.047001,
DEU,WAGEGAP,TOT,PC_MENWAGE,A,2000,20.511,
DEU,WAGEGAP,TOT,PC_MENWAGE,A,2001,19.249001,
DEU,WAGEGAP,TOT,PC_MENWAGE,A,2002,19.136,
DEU,WAGEGAP,TOT,PC_MENWAGE,A,2003,20.398001,
DEU,WAGEGAP,TOT,PC_MENWAGE,A,2004,22.509001,
DEU,WAGEGAP,TOT,PC_MENWAGE,A,2005,17.302,
DEU,WAGEGAP,TOT,PC_MENWAGE,A,2006,19.622,
DEU,WAGEGAP,TOT,PC_MENWAGE,A,2007,17.105,
DEU,WAGEGAP,TOT,PC_MENWAGE,A,2008,17.441999,
DEU,WAGEGAP,TOT,PC_MENWAGE,A,2009,17.045,
DEU,WAGEGAP,TOT,PC_MENWAGE,A,2010,16.750999,
DEU,WAGEGAP,TOT,PC_MENWAGE,A,2011,16.667,
DEU,WAGEGAP,TOT,PC_MENWAGE,A,2012,15.301,
DEU,WAGEGAP,TOT,PC_MENWAGE,A,2013,13.857,
DEU,WAGEGAP,TOT,PC_MENWAGE,A,2014,17.08,
GRC,WAGEGAP,TOT,PC_MENWAGE,A,2004,13.876,
GRC,WAGEGAP,TOT,PC_MENWAGE,A,2005,16.667,
GRC,WAGEGAP,TOT,PC_MENWAGE,A,2006,11.879,
GRC,WAGEGAP,TOT,PC_MENWAGE,A,2007,11.629,
GRC,WAGEGAP,TOT,PC_MENWAGE,A,2008,9.5240002,
GRC,WAGEGAP,TOT,PC_MENWAGE,A,2009,9.5869999,
GRC,WAGEGAP,TOT,PC_MENWAGE,A,2010,12.173,
GRC,WAGEGAP,TOT,PC_MENWAGE,A,2011,10.714,
GRC,WAGEGAP,TOT,PC_MENWAGE,A,2012,6.8530002,
GRC,WAGEGAP,TOT,PC_MENWAGE,A,2013,11.274,
GRC,WAGEGAP,TOT,PC_MENWAGE,A,2014,9.0909996,
HUN,WAGEGAP,TOT,PC_MENWAGE,A,1989,25.98,
HUN,WAGEGAP,TOT,PC_MENWAGE,A,1992,17.391001,
HUN,WAGEGAP,TOT,PC_MENWAGE,A,1993,7.9489999,
HUN,WAGEGAP,TOT,PC_MENWAGE,A,1994,15.181,
HUN,WAGEGAP,TOT,PC_MENWAGE,A,1995,15.754,
HUN,WAGEGAP,TOT,PC_MENWAGE,A,1996,17.775,
HUN,WAGEGAP,TOT,PC_MENWAGE,A,1998,15.672,
HUN,WAGEGAP,TOT,PC_MENWAGE,A,1999,15.301,
HUN,WAGEGAP,TOT,PC_MENWAGE,A,2000,14.099,
HUN,WAGEGAP,TOT,PC_MENWAGE,A,2001,13.69,
HUN,WAGEGAP,TOT,PC_MENWAGE,A,2002,9.1300001,
HUN,WAGEGAP,TOT,PC_MENWAGE,A,2003,1.476,
HUN,WAGEGAP,TOT,PC_MENWAGE,A,2004,3.0339999,
HUN,WAGEGAP,TOT,PC_MENWAGE,A,2005,4.0219998,
HUN,WAGEGAP,TOT,PC_MENWAGE,A,2006,0.384,
HUN,WAGEGAP,TOT,PC_MENWAGE,A,2007,3.648,
HUN,WAGEGAP,TOT,PC_MENWAGE,A,2008,2.221,
HUN,WAGEGAP,TOT,PC_MENWAGE,A,2009,3.8759999,
HUN,WAGEGAP,TOT,PC_MENWAGE,A,2010,6.382,
HUN,WAGEGAP,TOT,PC_MENWAGE,A,2011,6.8639998,
HUN,WAGEGAP,TOT,PC_MENWAGE,A,2012,11.332,
HUN,WAGEGAP,TOT,PC_MENWAGE,A,2013,8.724,
HUN,WAGEGAP,TOT,PC_MENWAGE,A,2014,3.773,
HUN,WAGEGAP,TOT,PC_MENWAGE,A,2015,9.5240002,
ISL,WAGEGAP,TOT,PC_MENWAGE,A,2004,19.225,
ISL,WAGEGAP,TOT,PC_MENWAGE,A,2005,13.199,
ISL,WAGEGAP,TOT,PC_MENWAGE,A,2006,12.4,
ISL,WAGEGAP,TOT,PC_MENWAGE,A,2007,15.89,
ISL,WAGEGAP,TOT,PC_MENWAGE,A,2008,13.329,
ISL,WAGEGAP,TOT,PC_MENWAGE,A,2009,15.978,
ISL,WAGEGAP,TOT,PC_MENWAGE,A,2010,14.315,
ISL,WAGEGAP,TOT,PC_MENWAGE,A,2011,14.08,
ISL,WAGEGAP,TOT,PC_MENWAGE,A,2013,14.527,
ISL,WAGEGAP,TOT,PC_MENWAGE,A,2014,13.593,
IRL,WAGEGAP,TOT,PC_MENWAGE,A,1994,25.181999,
IRL,WAGEGAP,TOT,PC_MENWAGE,A,1997,21.716999,
IRL,WAGEGAP,TOT,PC_MENWAGE,A,2000,19.73,
IRL,WAGEGAP,TOT,PC_MENWAGE,A,2003,19.702999,
IRL,WAGEGAP,TOT,PC_MENWAGE,A,2004,18.23,
IRL,WAGEGAP,TOT,PC_MENWAGE,A,2005,13.793,
IRL,WAGEGAP,TOT,PC_MENWAGE,A,2006,14.411,
IRL,WAGEGAP,TOT,PC_MENWAGE,A,2007,17.952999,
IRL,WAGEGAP,TOT,PC_MENWAGE,A,2008,14.964,
IRL,WAGEGAP,TOT,PC_MENWAGE,A,2009,14.887,
IRL,WAGEGAP,TOT,PC_MENWAGE,A,2010,12.845,
IRL,WAGEGAP,TOT,PC_MENWAGE,A,2011,10.447,
IRL,WAGEGAP,TOT,PC_MENWAGE,A,2012,8.3280001,
IRL,WAGEGAP,TOT,PC_MENWAGE,A,2013,12.77,
IRL,WAGEGAP,TOT,PC_MENWAGE,A,2014,15.173,
ITA,WAGEGAP,TOT,PC_MENWAGE,A,1986,17.240999,
ITA,WAGEGAP,TOT,PC_MENWAGE,A,1987,15.625,
ITA,WAGEGAP,TOT,PC_MENWAGE,A,1989,11.111,
ITA,WAGEGAP,TOT,PC_MENWAGE,A,1991,10,
ITA,WAGEGAP,TOT,PC_MENWAGE,A,1993,11.504,
ITA,WAGEGAP,TOT,PC_MENWAGE,A,1995,14.583,
ITA,WAGEGAP,TOT,PC_MENWAGE,A,1998,7.6919999,
ITA,WAGEGAP,TOT,PC_MENWAGE,A,2000,8.5190001,
ITA,WAGEGAP,TOT,PC_MENWAGE,A,2002,10.345,
ITA,WAGEGAP,TOT,PC_MENWAGE,A,2004,6.6669998,
ITA,WAGEGAP,TOT,PC_MENWAGE,A,2006,7.6919999,
ITA,WAGEGAP,TOT,PC_MENWAGE,A,2008,11.765,
ITA,WAGEGAP,TOT,PC_MENWAGE,A,2010,9.9399996,
ITA,WAGEGAP,TOT,PC_MENWAGE,A,2012,11.111,
ITA,WAGEGAP,TOT,PC_MENWAGE,A,2014,5.5560002,
JPN,WAGEGAP,TOT,PC_MENWAGE,A,1975,42.389999,
JPN,WAGEGAP,TOT,PC_MENWAGE,A,1976,39.742001,
JPN,WAGEGAP,TOT,PC_MENWAGE,A,1977,40.327,
JPN,WAGEGAP,TOT,PC_MENWAGE,A,1978,40.564999,
JPN,WAGEGAP,TOT,PC_MENWAGE,A,1979,41.313,
JPN,WAGEGAP,TOT,PC_MENWAGE,A,1980,41.68,
JPN,WAGEGAP,TOT,PC_MENWAGE,A,1981,41.957001,
JPN,WAGEGAP,TOT,PC_MENWAGE,A,1982,42.159,
JPN,WAGEGAP,TOT,PC_MENWAGE,A,1983,41.903,
JPN,WAGEGAP,TOT,PC_MENWAGE,A,1984,41.933998,
JPN,WAGEGAP,TOT,PC_MENWAGE,A,1985,41.659,
JPN,WAGEGAP,TOT,PC_MENWAGE,A,1986,41.605999,
JPN,WAGEGAP,TOT,PC_MENWAGE,A,1987,41.226002,
JPN,WAGEGAP,TOT,PC_MENWAGE,A,1988,41.018002,
JPN,WAGEGAP,TOT,PC_MENWAGE,A,1989,40.963001,
JPN,WAGEGAP,TOT,PC_MENWAGE,A,1990,40.598999,
JPN,WAGEGAP,TOT,PC_MENWAGE,A,1991,39.898998,
JPN,WAGEGAP,TOT,PC_MENWAGE,A,1992,38.884998,
JPN,WAGEGAP,TOT,PC_MENWAGE,A,1993,38.451,
JPN,WAGEGAP,TOT,PC_MENWAGE,A,1994,37.816002,
JPN,WAGEGAP,TOT,PC_MENWAGE,A,1995,37.09,
JPN,WAGEGAP,TOT,PC_MENWAGE,A,1996,36.847,
JPN,WAGEGAP,TOT,PC_MENWAGE,A,1997,36.521,
JPN,WAGEGAP,TOT,PC_MENWAGE,A,1998,35.307999,
JPN,WAGEGAP,TOT,PC_MENWAGE,A,1999,34.550999,
JPN,WAGEGAP,TOT,PC_MENWAGE,A,2000,33.859001,
JPN,WAGEGAP,TOT,PC_MENWAGE,A,2001,33.865002,
JPN,WAGEGAP,TOT,PC_MENWAGE,A,2002,32.529999,
JPN,WAGEGAP,TOT,PC_MENWAGE,A,2003,31.997,
JPN,WAGEGAP,TOT,PC_MENWAGE,A,2004,31.087,
JPN,WAGEGAP,TOT,PC_MENWAGE,A,2005,32.825001,
JPN,WAGEGAP,TOT,PC_MENWAGE,A,2006,32.980999,
JPN,WAGEGAP,TOT,PC_MENWAGE,A,2007,31.742001,
JPN,WAGEGAP,TOT,PC_MENWAGE,A,2008,30.694,
JPN,WAGEGAP,TOT,PC_MENWAGE,A,2009,28.285,
JPN,WAGEGAP,TOT,PC_MENWAGE,A,2010,28.684,
JPN,WAGEGAP,TOT,PC_MENWAGE,A,2011,27.395,
JPN,WAGEGAP,TOT,PC_MENWAGE,A,2012,26.524,
JPN,WAGEGAP,TOT,PC_MENWAGE,A,2013,26.587999,
JPN,WAGEGAP,TOT,PC_MENWAGE,A,2014,25.871,
KOR,WAGEGAP,TOT,PC_MENWAGE,A,1985,52.776001,
KOR,WAGEGAP,TOT,PC_MENWAGE,A,1992,46.965,
KOR,WAGEGAP,TOT,PC_MENWAGE,A,1993,47.259998,
KOR,WAGEGAP,TOT,PC_MENWAGE,A,1994,45.506001,
KOR,WAGEGAP,TOT,PC_MENWAGE,A,1995,44.181999,
KOR,WAGEGAP,TOT,PC_MENWAGE,A,1996,43.283001,
KOR,WAGEGAP,TOT,PC_MENWAGE,A,1997,42.215,
KOR,WAGEGAP,TOT,PC_MENWAGE,A,1998,42.021999,
KOR,WAGEGAP,TOT,PC_MENWAGE,A,1999,41.803001,
KOR,WAGEGAP,TOT,PC_MENWAGE,A,2000,41.653999,
KOR,WAGEGAP,TOT,PC_MENWAGE,A,2001,40.416,
KOR,WAGEGAP,TOT,PC_MENWAGE,A,2002,41.028999,
KOR,WAGEGAP,TOT,PC_MENWAGE,A,2003,40.083,
KOR,WAGEGAP,TOT,PC_MENWAGE,A,2004,39.624001,
KOR,WAGEGAP,TOT,PC_MENWAGE,A,2005,39.617001,
KOR,WAGEGAP,TOT,PC_MENWAGE,A,2006,39.773998,
KOR,WAGEGAP,TOT,PC_MENWAGE,A,2007,38.161999,
KOR,WAGEGAP,TOT,PC_MENWAGE,A,2008,39.036999,
KOR,WAGEGAP,TOT,PC_MENWAGE,A,2009,38.615002,
KOR,WAGEGAP,TOT,PC_MENWAGE,A,2010,39.605999,
KOR,WAGEGAP,TOT,PC_MENWAGE,A,2011,36.563999,
KOR,WAGEGAP,TOT,PC_MENWAGE,A,2012,36.299,
KOR,WAGEGAP,TOT,PC_MENWAGE,A,2013,36.599998,
KOR,WAGEGAP,TOT,PC_MENWAGE,A,2014,36.653,
LUX,WAGEGAP,TOT,PC_MENWAGE,A,2002,15.501,
LUX,WAGEGAP,TOT,PC_MENWAGE,A,2006,8.198,
LUX,WAGEGAP,TOT,PC_MENWAGE,A,2010,5,
LUX,WAGEGAP,TOT,PC_MENWAGE,A,2014,4.138,
NLD,WAGEGAP,TOT,PC_MENWAGE,A,2002,16.172001,
NLD,WAGEGAP,TOT,PC_MENWAGE,A,2006,16.007999,
NLD,WAGEGAP,TOT,PC_MENWAGE,A,2010,18.236,
NLD,WAGEGAP,TOT,PC_MENWAGE,A,2014,14.115,
NZL,WAGEGAP,TOT,PC_MENWAGE,A,1984,21.475,
NZL,WAGEGAP,TOT,PC_MENWAGE,A,1986,23.014999,
NZL,WAGEGAP,TOT,PC_MENWAGE,A,1988,20.289,
NZL,WAGEGAP,TOT,PC_MENWAGE,A,1990,17.111,
NZL,WAGEGAP,TOT,PC_MENWAGE,A,1992,15.572,
NZL,WAGEGAP,TOT,PC_MENWAGE,A,1994,13.302,
NZL,WAGEGAP,TOT,PC_MENWAGE,A,1995,13.683,
NZL,WAGEGAP,TOT,PC_MENWAGE,A,1996,20.395,
NZL,WAGEGAP,TOT,PC_MENWAGE,A,1997,12.709,
NZL,WAGEGAP,TOT,PC_MENWAGE,A,1998,11.4,
NZL,WAGEGAP,TOT,PC_MENWAGE,A,1999,8.3330002,
NZL,WAGEGAP,TOT,PC_MENWAGE,A,2000,7.1669998,
NZL,WAGEGAP,TOT,PC_MENWAGE,A,2001,8.0559998,
NZL,WAGEGAP,TOT,PC_MENWAGE,A,2002,7.3130002,
NZL,WAGEGAP,TOT,PC_MENWAGE,A,2003,7.6919999,
NZL,WAGEGAP,TOT,PC_MENWAGE,A,2004,8.0769997,
NZL,WAGEGAP,TOT,PC_MENWAGE,A,2005,9.6110001,
NZL,WAGEGAP,TOT,PC_MENWAGE,A,2006,9.3330002,
NZL,WAGEGAP,TOT,PC_MENWAGE,A,2007,7.1430001,
NZL,WAGEGAP,TOT,PC_MENWAGE,A,2008,8.0539999,
NZL,WAGEGAP,TOT,PC_MENWAGE,A,2009,8.7589998,
NZL,WAGEGAP,TOT,PC_MENWAGE,A,2010,7.0110002,
NZL,WAGEGAP,TOT,PC_MENWAGE,A,2011,4.533,
NZL,WAGEGAP,TOT,PC_MENWAGE,A,2012,5.908,
NZL,WAGEGAP,TOT,PC_MENWAGE,A,2013,6.5939999,
NZL,WAGEGAP,TOT,PC_MENWAGE,A,2014,6.0830002,
NOR,WAGEGAP,TOT,PC_MENWAGE,A,1997,10.066,
NOR,WAGEGAP,TOT,PC_MENWAGE,A,1998,10.08,
NOR,WAGEGAP,TOT,PC_MENWAGE,A,1999,10.141,
NOR,WAGEGAP,TOT,PC_MENWAGE,A,2000,10.189,
NOR,WAGEGAP,TOT,PC_MENWAGE,A,2001,10.743,
NOR,WAGEGAP,TOT,PC_MENWAGE,A,2002,10.682,
NOR,WAGEGAP,TOT,PC_MENWAGE,A,2003,10.212,
NOR,WAGEGAP,TOT,PC_MENWAGE,A,2004,9.7060003,
NOR,WAGEGAP,TOT,PC_MENWAGE,A,2005,9.3889999,
NOR,WAGEGAP,TOT,PC_MENWAGE,A,2006,9.1619997,
NOR,WAGEGAP,TOT,PC_MENWAGE,A,2007,9.8310003,
NOR,WAGEGAP,TOT,PC_MENWAGE,A,2008,9.2360001,
NOR,WAGEGAP,TOT,PC_MENWAGE,A,2009,8.6689997,
NOR,WAGEGAP,TOT,PC_MENWAGE,A,2010,8.0600004,
NOR,WAGEGAP,TOT,PC_MENWAGE,A,2011,7.7810001,
NOR,WAGEGAP,TOT,PC_MENWAGE,A,2012,6.4070001,
NOR,WAGEGAP,TOT,PC_MENWAGE,A,2013,7.0079999,
NOR,WAGEGAP,TOT,PC_MENWAGE,A,2014,6.283,
NOR,WAGEGAP,TOT,PC_MENWAGE,A,2015,7.125,
POL,WAGEGAP,TOT,PC_MENWAGE,A,1991,20.149,
POL,WAGEGAP,TOT,PC_MENWAGE,A,1992,17.247999,
POL,WAGEGAP,TOT,PC_MENWAGE,A,1993,20.028999,
POL,WAGEGAP,TOT,PC_MENWAGE,A,1994,18.854,
POL,WAGEGAP,TOT,PC_MENWAGE,A,1995,20.105,
POL,WAGEGAP,TOT,PC_MENWAGE,A,1996,20.466,
POL,WAGEGAP,TOT,PC_MENWAGE,A,1997,18.569,
POL,WAGEGAP,TOT,PC_MENWAGE,A,1998,19.108,
POL,WAGEGAP,TOT,PC_MENWAGE,A,1999,17.559,
POL,WAGEGAP,TOT,PC_MENWAGE,A,2001,14.3,
POL,WAGEGAP,TOT,PC_MENWAGE,A,2002,11.316,
POL,WAGEGAP,TOT,PC_MENWAGE,A,2004,10.639,
POL,WAGEGAP,TOT,PC_MENWAGE,A,2006,11.44,
POL,WAGEGAP,TOT,PC_MENWAGE,A,2008,12.994,
POL,WAGEGAP,TOT,PC_MENWAGE,A,2010,7.1900001,
POL,WAGEGAP,TOT,PC_MENWAGE,A,2012,10.62,
POL,WAGEGAP,TOT,PC_MENWAGE,A,2014,11.073,
PRT,WAGEGAP,TOT,PC_MENWAGE,A,2004,13.03,
PRT,WAGEGAP,TOT,PC_MENWAGE,A,2005,15.966,
PRT,WAGEGAP,TOT,PC_MENWAGE,A,2006,14.355,
PRT,WAGEGAP,TOT,PC_MENWAGE,A,2007,15.278,
PRT,WAGEGAP,TOT,PC_MENWAGE,A,2008,15.635,
PRT,WAGEGAP,TOT,PC_MENWAGE,A,2009,13.793,
PRT,WAGEGAP,TOT,PC_MENWAGE,A,2010,13.451,
PRT,WAGEGAP,TOT,PC_MENWAGE,A,2011,15.248,
PRT,WAGEGAP,TOT,PC_MENWAGE,A,2012,16.315001,
PRT,WAGEGAP,TOT,PC_MENWAGE,A,2013,16.667,
PRT,WAGEGAP,TOT,PC_MENWAGE,A,2014,18.879999,
SVK,WAGEGAP,TOT,PC_MENWAGE,A,2002,20.355,
SVK,WAGEGAP,TOT,PC_MENWAGE,A,2003,20.690001,
SVK,WAGEGAP,TOT,PC_MENWAGE,A,2004,20.884001,
SVK,WAGEGAP,TOT,PC_MENWAGE,A,2005,20.099001,
SVK,WAGEGAP,TOT,PC_MENWAGE,A,2006,17.802999,
SVK,WAGEGAP,TOT,PC_MENWAGE,A,2007,17.521999,
SVK,WAGEGAP,TOT,PC_MENWAGE,A,2008,16.445,
SVK,WAGEGAP,TOT,PC_MENWAGE,A,2009,16.433001,
SVK,WAGEGAP,TOT,PC_MENWAGE,A,2010,14.851,
SVK,WAGEGAP,TOT,PC_MENWAGE,A,2011,15.45,
SVK,WAGEGAP,TOT,PC_MENWAGE,A,2012,15.965,
SVK,WAGEGAP,TOT,PC_MENWAGE,A,2013,14.109,
SVK,WAGEGAP,TOT,PC_MENWAGE,A,2014,14.35,
SVK,WAGEGAP,TOT,PC_MENWAGE,A,2015,13.377,
ESP,WAGEGAP,TOT,PC_MENWAGE,A,2004,12.571,
ESP,WAGEGAP,TOT,PC_MENWAGE,A,2005,12.5,
ESP,WAGEGAP,TOT,PC_MENWAGE,A,2006,10.372,
ESP,WAGEGAP,TOT,PC_MENWAGE,A,2007,8.8889999,
ESP,WAGEGAP,TOT,PC_MENWAGE,A,2008,11.798,
ESP,WAGEGAP,TOT,PC_MENWAGE,A,2009,7.303,
ESP,WAGEGAP,TOT,PC_MENWAGE,A,2010,6.585,
ESP,WAGEGAP,TOT,PC_MENWAGE,A,2011,8.2659998,
ESP,WAGEGAP,TOT,PC_MENWAGE,A,2012,8.6479998,
SWE,WAGEGAP,TOT,PC_MENWAGE,A,1975,18.27,
SWE,WAGEGAP,TOT,PC_MENWAGE,A,1978,16.554001,
SWE,WAGEGAP,TOT,PC_MENWAGE,A,1980,12.765,
SWE,WAGEGAP,TOT,PC_MENWAGE,A,1981,15.203,
SWE,WAGEGAP,TOT,PC_MENWAGE,A,1982,13.591,
SWE,WAGEGAP,TOT,PC_MENWAGE,A,1983,14.533,
SWE,WAGEGAP,TOT,PC_MENWAGE,A,1984,15.864,
SWE,WAGEGAP,TOT,PC_MENWAGE,A,1985,16.681,
SWE,WAGEGAP,TOT,PC_MENWAGE,A,1986,15.08,
SWE,WAGEGAP,TOT,PC_MENWAGE,A,1987,14.661,
SWE,WAGEGAP,TOT,PC_MENWAGE,A,1988,17.523001,
SWE,WAGEGAP,TOT,PC_MENWAGE,A,1989,19.573,
SWE,WAGEGAP,TOT,PC_MENWAGE,A,1990,19.037001,
SWE,WAGEGAP,TOT,PC_MENWAGE,A,1991,19.278,
SWE,WAGEGAP,TOT,PC_MENWAGE,A,1992,19.042,
SWE,WAGEGAP,TOT,PC_MENWAGE,A,1993,18.747999,
SWE,WAGEGAP,TOT,PC_MENWAGE,A,1994,17.231001,
SWE,WAGEGAP,TOT,PC_MENWAGE,A,1995,18.775999,
SWE,WAGEGAP,TOT,PC_MENWAGE,A,1996,16.385,
SWE,WAGEGAP,TOT,PC_MENWAGE,A,1997,16.726,
SWE,WAGEGAP,TOT,PC_MENWAGE,A,1998,16.958,
SWE,WAGEGAP,TOT,PC_MENWAGE,A,1999,16.846001,
SWE,WAGEGAP,TOT,PC_MENWAGE,A,2000,15.496,
SWE,WAGEGAP,TOT,PC_MENWAGE,A,2001,16.591,
SWE,WAGEGAP,TOT,PC_MENWAGE,A,2002,15.858,
SWE,WAGEGAP,TOT,PC_MENWAGE,A,2003,16.004999,
SWE,WAGEGAP,TOT,PC_MENWAGE,A,2004,15.321,
SWE,WAGEGAP,TOT,PC_MENWAGE,A,2005,14.444,
SWE,WAGEGAP,TOT,PC_MENWAGE,A,2006,14.589,
SWE,WAGEGAP,TOT,PC_MENWAGE,A,2007,16.364,
SWE,WAGEGAP,TOT,PC_MENWAGE,A,2008,15.389,
SWE,WAGEGAP,TOT,PC_MENWAGE,A,2009,14.917,
SWE,WAGEGAP,TOT,PC_MENWAGE,A,2010,14.321,
SWE,WAGEGAP,TOT,PC_MENWAGE,A,2011,15.935,
SWE,WAGEGAP,TOT,PC_MENWAGE,A,2012,15.136,
SWE,WAGEGAP,TOT,PC_MENWAGE,A,2013,13.42,
CHE,WAGEGAP,TOT,PC_MENWAGE,A,1996,25.472,
CHE,WAGEGAP,TOT,PC_MENWAGE,A,1998,24.122,
CHE,WAGEGAP,TOT,PC_MENWAGE,A,2000,23.787001,
CHE,WAGEGAP,TOT,PC_MENWAGE,A,2002,22.802,
CHE,WAGEGAP,TOT,PC_MENWAGE,A,2004,22.011999,
CHE,WAGEGAP,TOT,PC_MENWAGE,A,2006,21.318001,
CHE,WAGEGAP,TOT,PC_MENWAGE,A,2008,21.308001,
CHE,WAGEGAP,TOT,PC_MENWAGE,A,2010,20.054001,
CHE,WAGEGAP,TOT,PC_MENWAGE,A,2012,19.344,
CHE,WAGEGAP,TOT,PC_MENWAGE,A,2014,16.941,
TUR,WAGEGAP,TOT,PC_MENWAGE,A,2006,3.207,
TUR,WAGEGAP,TOT,PC_MENWAGE,A,2010,3.326,
TUR,WAGEGAP,TOT,PC_MENWAGE,A,2014,6.8829999,
GBR,WAGEGAP,TOT,PC_MENWAGE,A,1970,47.577999,
GBR,WAGEGAP,TOT,PC_MENWAGE,A,1971,45.527,
GBR,WAGEGAP,TOT,PC_MENWAGE,A,1972,45.678001,
GBR,WAGEGAP,TOT,PC_MENWAGE,A,1973,46.379002,
GBR,WAGEGAP,TOT,PC_MENWAGE,A,1974,44.422001,
GBR,WAGEGAP,TOT,PC_MENWAGE,A,1975,39.855,
GBR,WAGEGAP,TOT,PC_MENWAGE,A,1976,36.549999,
GBR,WAGEGAP,TOT,PC_MENWAGE,A,1977,35.787998,
GBR,WAGEGAP,TOT,PC_MENWAGE,A,1978,37.474998,
GBR,WAGEGAP,TOT,PC_MENWAGE,A,1979,38.294998,
GBR,WAGEGAP,TOT,PC_MENWAGE,A,1980,36.688999,
GBR,WAGEGAP,TOT,PC_MENWAGE,A,1981,35.426998,
GBR,WAGEGAP,TOT,PC_MENWAGE,A,1982,35.66,
GBR,WAGEGAP,TOT,PC_MENWAGE,A,1983,34.567001,
GBR,WAGEGAP,TOT,PC_MENWAGE,A,1984,35.082001,
GBR,WAGEGAP,TOT,PC_MENWAGE,A,1985,35.119999,
GBR,WAGEGAP,TOT,PC_MENWAGE,A,1986,34.938999,
GBR,WAGEGAP,TOT,PC_MENWAGE,A,1987,34.513,
GBR,WAGEGAP,TOT,PC_MENWAGE,A,1988,34.046001,
GBR,WAGEGAP,TOT,PC_MENWAGE,A,1989,33.730999,
GBR,WAGEGAP,TOT,PC_MENWAGE,A,1990,32.744999,
GBR,WAGEGAP,TOT,PC_MENWAGE,A,1991,31.075001,
GBR,WAGEGAP,TOT,PC_MENWAGE,A,1992,29.947001,
GBR,WAGEGAP,TOT,PC_MENWAGE,A,1993,28.719,
GBR,WAGEGAP,TOT,PC_MENWAGE,A,1994,28.08,
GBR,WAGEGAP,TOT,PC_MENWAGE,A,1995,28.193001,
GBR,WAGEGAP,TOT,PC_MENWAGE,A,1996,27.218,
GBR,WAGEGAP,TOT,PC_MENWAGE,A,1997,26.919001,
GBR,WAGEGAP,TOT,PC_MENWAGE,A,1998,27.035,
GBR,WAGEGAP,TOT,PC_MENWAGE,A,1999,26.09,
GBR,WAGEGAP,TOT,PC_MENWAGE,A,2000,26.280001,
GBR,WAGEGAP,TOT,PC_MENWAGE,A,2001,25.639999,
GBR,WAGEGAP,TOT,PC_MENWAGE,A,2002,24.379,
GBR,WAGEGAP,TOT,PC_MENWAGE,A,2003,24.124001,
GBR,WAGEGAP,TOT,PC_MENWAGE,A,2004,23.358999,
GBR,WAGEGAP,TOT,PC_MENWAGE,A,2005,22.063999,
GBR,WAGEGAP,TOT,PC_MENWAGE,A,2006,21.718,
GBR,WAGEGAP,TOT,PC_MENWAGE,A,2007,21.635,
GBR,WAGEGAP,TOT,PC_MENWAGE,A,2008,21.858,
GBR,WAGEGAP,TOT,PC_MENWAGE,A,2009,20.686001,
GBR,WAGEGAP,TOT,PC_MENWAGE,A,2010,19.231001,
GBR,WAGEGAP,TOT,PC_MENWAGE,A,2011,18.246,
GBR,WAGEGAP,TOT,PC_MENWAGE,A,2012,17.784,
GBR,WAGEGAP,TOT,PC_MENWAGE,A,2013,17.482,
GBR,WAGEGAP,TOT,PC_MENWAGE,A,2014,17.382999,
GBR,WAGEGAP,TOT,PC_MENWAGE,A,2015,16.924999,
USA,WAGEGAP,TOT,PC_MENWAGE,A,1973,38.110001,
USA,WAGEGAP,TOT,PC_MENWAGE,A,1974,39.101002,
USA,WAGEGAP,TOT,PC_MENWAGE,A,1975,37.630001,
USA,WAGEGAP,TOT,PC_MENWAGE,A,1976,37.756001,
USA,WAGEGAP,TOT,PC_MENWAGE,A,1977,38.224998,
USA,WAGEGAP,TOT,PC_MENWAGE,A,1978,38.972,
USA,WAGEGAP,TOT,PC_MENWAGE,A,1979,37.641998,
USA,WAGEGAP,TOT,PC_MENWAGE,A,1980,36.551998,
USA,WAGEGAP,TOT,PC_MENWAGE,A,1981,35.174,
USA,WAGEGAP,TOT,PC_MENWAGE,A,1982,34.723999,
USA,WAGEGAP,TOT,PC_MENWAGE,A,1983,34.285999,
USA,WAGEGAP,TOT,PC_MENWAGE,A,1984,33.431999,
USA,WAGEGAP,TOT,PC_MENWAGE,A,1985,32.978001,
USA,WAGEGAP,TOT,PC_MENWAGE,A,1986,32.189999,
USA,WAGEGAP,TOT,PC_MENWAGE,A,1987,31.021999,
USA,WAGEGAP,TOT,PC_MENWAGE,A,1988,30.069,
USA,WAGEGAP,TOT,PC_MENWAGE,A,1989,29.364,
USA,WAGEGAP,TOT,PC_MENWAGE,A,1990,28.455,
USA,WAGEGAP,TOT,PC_MENWAGE,A,1991,26.570999,
USA,WAGEGAP,TOT,PC_MENWAGE,A,1992,25.058001,
USA,WAGEGAP,TOT,PC_MENWAGE,A,1993,23.875999,
USA,WAGEGAP,TOT,PC_MENWAGE,A,1994,23.885,
USA,WAGEGAP,TOT,PC_MENWAGE,A,1995,24.58,
USA,WAGEGAP,TOT,PC_MENWAGE,A,1996,23.823999,
USA,WAGEGAP,TOT,PC_MENWAGE,A,1997,23.785999,
USA,WAGEGAP,TOT,PC_MENWAGE,A,1998,23.746,
USA,WAGEGAP,TOT,PC_MENWAGE,A,1999,23.462999,
USA,WAGEGAP,TOT,PC_MENWAGE,A,2000,23.089001,
USA,WAGEGAP,TOT,PC_MENWAGE,A,2001,23.582001,
USA,WAGEGAP,TOT,PC_MENWAGE,A,2002,22.091,
USA,WAGEGAP,TOT,PC_MENWAGE,A,2003,20.576,
USA,WAGEGAP,TOT,PC_MENWAGE,A,2004,19.635,
USA,WAGEGAP,TOT,PC_MENWAGE,A,2005,18.975,
USA,WAGEGAP,TOT,PC_MENWAGE,A,2006,19.246,
USA,WAGEGAP,TOT,PC_MENWAGE,A,2007,19.843,
USA,WAGEGAP,TOT,PC_MENWAGE,A,2008,20.049999,
USA,WAGEGAP,TOT,PC_MENWAGE,A,2009,19.780001,
USA,WAGEGAP,TOT,PC_MENWAGE,A,2010,18.811001,
USA,WAGEGAP,TOT,PC_MENWAGE,A,2011,17.788,
USA,WAGEGAP,TOT,PC_MENWAGE,A,2012,19.087,
USA,WAGEGAP,TOT,PC_MENWAGE,A,2013,17.907,
USA,WAGEGAP,TOT,PC_MENWAGE,A,2014,17.451,
USA,WAGEGAP,TOT,PC_MENWAGE,A,2015,18.882999,
CHL,WAGEGAP,TOT,PC_MENWAGE,A,2006,3.9579999,
CHL,WAGEGAP,TOT,PC_MENWAGE,A,2009,9.0909996,
CHL,WAGEGAP,TOT,PC_MENWAGE,A,2011,16,
CHL,WAGEGAP,TOT,PC_MENWAGE,A,2013,16.667,
CHL,WAGEGAP,TOT,PC_MENWAGE,A,2015,21.052999,
EST,WAGEGAP,TOT,PC_MENWAGE,A,2002,24.046,
EST,WAGEGAP,TOT,PC_MENWAGE,A,2006,29.688,
EST,WAGEGAP,TOT,PC_MENWAGE,A,2010,27.798,
EST,WAGEGAP,TOT,PC_MENWAGE,A,2014,28.339001,
ISR,WAGEGAP,TOT,PC_MENWAGE,A,2001,28.103001,
ISR,WAGEGAP,TOT,PC_MENWAGE,A,2002,24.52,
ISR,WAGEGAP,TOT,PC_MENWAGE,A,2003,24.615,
ISR,WAGEGAP,TOT,PC_MENWAGE,A,2004,25.462,
ISR,WAGEGAP,TOT,PC_MENWAGE,A,2005,22.351999,
ISR,WAGEGAP,TOT,PC_MENWAGE,A,2006,22.016001,
ISR,WAGEGAP,TOT,PC_MENWAGE,A,2007,21.160999,
ISR,WAGEGAP,TOT,PC_MENWAGE,A,2008,22.025999,
ISR,WAGEGAP,TOT,PC_MENWAGE,A,2009,20.268999,
ISR,WAGEGAP,TOT,PC_MENWAGE,A,2010,20.700001,
ISR,WAGEGAP,TOT,PC_MENWAGE,A,2011,21.827,
SVN,WAGEGAP,TOT,PC_MENWAGE,A,2002,9.3050003,
SVN,WAGEGAP,TOT,PC_MENWAGE,A,2006,7.1290002,
SVN,WAGEGAP,TOT,PC_MENWAGE,A,2010,0.99199998,
SVN,WAGEGAP,TOT,PC_MENWAGE,A,2014,4.9959998,
MEX,WAGEGAP,TOT,PC_MENWAGE,A,2005,16.667,
MEX,WAGEGAP,TOT,PC_MENWAGE,A,2006,18.605,
MEX,WAGEGAP,TOT,PC_MENWAGE,A,2007,12.5,
MEX,WAGEGAP,TOT,PC_MENWAGE,A,2008,22.222,
MEX,WAGEGAP,TOT,PC_MENWAGE,A,2009,16.667,
MEX,WAGEGAP,TOT,PC_MENWAGE,A,2010,11.628,
MEX,WAGEGAP,TOT,PC_MENWAGE,A,2011,10,
MEX,WAGEGAP,TOT,PC_MENWAGE,A,2012,13.556,
MEX,WAGEGAP,TOT,PC_MENWAGE,A,2013,15.433,
MEX,WAGEGAP,TOT,PC_MENWAGE,A,2014,18.299999,
MEX,WAGEGAP,TOT,PC_MENWAGE,A,2015,16.667,
LVA,WAGEGAP,TOT,PC_MENWAGE,A,2002,19.231001,
LVA,WAGEGAP,TOT,PC_MENWAGE,A,2006,10.992,
LVA,WAGEGAP,TOT,PC_MENWAGE,A,2010,19.056,
LVA,WAGEGAP,TOT,PC_MENWAGE,A,2014,21.122999,
LTU,WAGEGAP,TOT,PC_MENWAGE,A,2002,13.079,
LTU,WAGEGAP,TOT,PC_MENWAGE,A,2006,14.234,
LTU,WAGEGAP,TOT,PC_MENWAGE,A,2010,6.9569998,
LTU,WAGEGAP,TOT,PC_MENWAGE,A,2014,12.435,
AUT,WAGEGAP,SELFEMPLOYED,PC_MENWAGE,A,2003,51.79602268,
AUT,WAGEGAP,SELFEMPLOYED,PC_MENWAGE,A,2004,49.96607774,
AUT,WAGEGAP,SELFEMPLOYED,PC_MENWAGE,A,2005,49.89719336,
AUT,WAGEGAP,SELFEMPLOYED,PC_MENWAGE,A,2006,47.26453792,
AUT,WAGEGAP,SELFEMPLOYED,PC_MENWAGE,A,2007,48.46805041,
AUT,WAGEGAP,SELFEMPLOYED,PC_MENWAGE,A,2008,48.60410006,
AUT,WAGEGAP,SELFEMPLOYED,PC_MENWAGE,A,2009,46.53011464,
AUT,WAGEGAP,SELFEMPLOYED,PC_MENWAGE,A,2010,45.36215822,
AUT,WAGEGAP,SELFEMPLOYED,PC_MENWAGE,A,2011,44.05811876,
AUT,WAGEGAP,SELFEMPLOYED,PC_MENWAGE,A,2012,45.36815983,
BEL,WAGEGAP,SELFEMPLOYED,PC_MENWAGE,A,2003,42.5675895,
BEL,WAGEGAP,SELFEMPLOYED,PC_MENWAGE,A,2004,44.53977625,
BEL,WAGEGAP,SELFEMPLOYED,PC_MENWAGE,A,2005,46.87301087,
BEL,WAGEGAP,SELFEMPLOYED,PC_MENWAGE,A,2006,45.03698723,
BEL,WAGEGAP,SELFEMPLOYED,PC_MENWAGE,A,2007,41.82096185,
BEL,WAGEGAP,SELFEMPLOYED,PC_MENWAGE,A,2008,35.68278956,
BEL,WAGEGAP,SELFEMPLOYED,PC_MENWAGE,A,2009,32.34275215,
BEL,WAGEGAP,SELFEMPLOYED,PC_MENWAGE,A,2010,30.24335563,
BEL,WAGEGAP,SELFEMPLOYED,PC_MENWAGE,A,2011,32.93944622,
BEL,WAGEGAP,SELFEMPLOYED,PC_MENWAGE,A,2012,33.49684085,
CAN,WAGEGAP,SELFEMPLOYED,PC_MENWAGE,A,2003,32.65165,
CAN,WAGEGAP,SELFEMPLOYED,PC_MENWAGE,A,2004,33.70625,
CAN,WAGEGAP,SELFEMPLOYED,PC_MENWAGE,A,2005,35.94587,
CAN,WAGEGAP,SELFEMPLOYED,PC_MENWAGE,A,2006,36.8143,
CAN,WAGEGAP,SELFEMPLOYED,PC_MENWAGE,A,2007,38.01716,
CAN,WAGEGAP,SELFEMPLOYED,PC_MENWAGE,A,2008,38.73388,
CAN,WAGEGAP,SELFEMPLOYED,PC_MENWAGE,A,2009,37.17995,
CAN,WAGEGAP,SELFEMPLOYED,PC_MENWAGE,A,2010,38.96919,
CAN,WAGEGAP,SELFEMPLOYED,PC_MENWAGE,A,2011,36.63381857,
CAN,WAGEGAP,SELFEMPLOYED,PC_MENWAGE,A,2012,36.61844755,
CAN,WAGEGAP,SELFEMPLOYED,PC_MENWAGE,A,2013,35.29755132,
CZE,WAGEGAP,SELFEMPLOYED,PC_MENWAGE,A,2004,32.0464184,
CZE,WAGEGAP,SELFEMPLOYED,PC_MENWAGE,A,2005,30.81534391,
CZE,WAGEGAP,SELFEMPLOYED,PC_MENWAGE,A,2006,28.94941412,
CZE,WAGEGAP,SELFEMPLOYED,PC_MENWAGE,A,2007,29.35613378,
CZE,WAGEGAP,SELFEMPLOYED,PC_MENWAGE,A,2008,29.20800835,
CZE,WAGEGAP,SELFEMPLOYED,PC_MENWAGE,A,2009,29.65451098,
CZE,WAGEGAP,SELFEMPLOYED,PC_MENWAGE,A,2010,29.79796172,
CZE,WAGEGAP,SELFEMPLOYED,PC_MENWAGE,A,2011,31.07323228,
CZE,WAGEGAP,SELFEMPLOYED,PC_MENWAGE,A,2012,32.30413537,
DNK,WAGEGAP,SELFEMPLOYED,PC_MENWAGE,A,2003,9.217214746,
DNK,WAGEGAP,SELFEMPLOYED,PC_MENWAGE,A,2004,6.21395134,
DNK,WAGEGAP,SELFEMPLOYED,PC_MENWAGE,A,2005,12.36758434,
DNK,WAGEGAP,SELFEMPLOYED,PC_MENWAGE,A,2006,12.00833273,
DNK,WAGEGAP,SELFEMPLOYED,PC_MENWAGE,A,2007,17.15911081,
DNK,WAGEGAP,SELFEMPLOYED,PC_MENWAGE,A,2008,11.08508809,
DNK,WAGEGAP,SELFEMPLOYED,PC_MENWAGE,A,2009,16.1093247,
DNK,WAGEGAP,SELFEMPLOYED,PC_MENWAGE,A,2010,17.46692327,
DNK,WAGEGAP,SELFEMPLOYED,PC_MENWAGE,A,2011,23.65456024,
DNK,WAGEGAP,SELFEMPLOYED,PC_MENWAGE,A,2012,16.03725497,
FIN,WAGEGAP,SELFEMPLOYED,PC_MENWAGE,A,2003,32.75015913,
FIN,WAGEGAP,SELFEMPLOYED,PC_MENWAGE,A,2004,35.39674059,
FIN,WAGEGAP,SELFEMPLOYED,PC_MENWAGE,A,2005,41.99132206,
FIN,WAGEGAP,SELFEMPLOYED,PC_MENWAGE,A,2006,39.51994018,
FIN,WAGEGAP,SELFEMPLOYED,PC_MENWAGE,A,2007,39.91036211,
FIN,WAGEGAP,SELFEMPLOYED,PC_MENWAGE,A,2008,36.90219653,
FIN,WAGEGAP,SELFEMPLOYED,PC_MENWAGE,A,2009,35.94008888,
FIN,WAGEGAP,SELFEMPLOYED,PC_MENWAGE,A,2010,33.25018945,
FIN,WAGEGAP,SELFEMPLOYED,PC_MENWAGE,A,2011,34.80308234,
FIN,WAGEGAP,SELFEMPLOYED,PC_MENWAGE,A,2012,35.87558032,
FRA,WAGEGAP,SELFEMPLOYED,PC_MENWAGE,A,2003,37.42921105,
FRA,WAGEGAP,SELFEMPLOYED,PC_MENWAGE,A,2004,33.92563555,
FRA,WAGEGAP,SELFEMPLOYED,PC_MENWAGE,A,2005,31.85082266,
FRA,WAGEGAP,SELFEMPLOYED,PC_MENWAGE,A,2006,32.9347973,
FRA,WAGEGAP,SELFEMPLOYED,PC_MENWAGE,A,2007,36.22705511,
FRA,WAGEGAP,SELFEMPLOYED,PC_MENWAGE,A,2008,35.96268102,
FRA,WAGEGAP,SELFEMPLOYED,PC_MENWAGE,A,2009,31.63295636,
FRA,WAGEGAP,SELFEMPLOYED,PC_MENWAGE,A,2010,29.94970791,
FRA,WAGEGAP,SELFEMPLOYED,PC_MENWAGE,A,2011,30.44014333,
FRA,WAGEGAP,SELFEMPLOYED,PC_MENWAGE,A,2012,31.38424186,
DEU,WAGEGAP,SELFEMPLOYED,PC_MENWAGE,A,2004,45.44560375,
DEU,WAGEGAP,SELFEMPLOYED,PC_MENWAGE,A,2005,44.65533505,
DEU,WAGEGAP,SELFEMPLOYED,PC_MENWAGE,A,2006,43.40025806,
DEU,WAGEGAP,SELFEMPLOYED,PC_MENWAGE,A,2007,40.48329219,
DEU,WAGEGAP,SELFEMPLOYED,PC_MENWAGE,A,2008,39.66353099,
DEU,WAGEGAP,SELFEMPLOYED,PC_MENWAGE,A,2009,39.00601796,
DEU,WAGEGAP,SELFEMPLOYED,PC_MENWAGE,A,2010,42.64869735,
DEU,WAGEGAP,SELFEMPLOYED,PC_MENWAGE,A,2011,42.9726328,
GRC,WAGEGAP,SELFEMPLOYED,PC_MENWAGE,A,2006,39.18744992,
GRC,WAGEGAP,SELFEMPLOYED,PC_MENWAGE,A,2007,38.11276571,
GRC,WAGEGAP,SELFEMPLOYED,PC_MENWAGE,A,2008,42.14682459,
GRC,WAGEGAP,SELFEMPLOYED,PC_MENWAGE,A,2009,44.00846537,
GRC,WAGEGAP,SELFEMPLOYED,PC_MENWAGE,A,2010,46.31139812,
GRC,WAGEGAP,SELFEMPLOYED,PC_MENWAGE,A,2011,42.38516592,
HUN,WAGEGAP,SELFEMPLOYED,PC_MENWAGE,A,2004,29.2865498,
HUN,WAGEGAP,SELFEMPLOYED,PC_MENWAGE,A,2005,26.68619931,
HUN,WAGEGAP,SELFEMPLOYED,PC_MENWAGE,A,2006,26.58702432,
HUN,WAGEGAP,SELFEMPLOYED,PC_MENWAGE,A,2007,23.90536345,
HUN,WAGEGAP,SELFEMPLOYED,PC_MENWAGE,A,2008,27.65795042,
HUN,WAGEGAP,SELFEMPLOYED,PC_MENWAGE,A,2009,32.13243586,
HUN,WAGEGAP,SELFEMPLOYED,PC_MENWAGE,A,2010,34.46657189,
HUN,WAGEGAP,SELFEMPLOYED,PC_MENWAGE,A,2011,32.55421026,
HUN,WAGEGAP,SELFEMPLOYED,PC_MENWAGE,A,2012,31.38773253,
ISL,WAGEGAP,SELFEMPLOYED,PC_MENWAGE,A,2003,44.34154194,
ISL,WAGEGAP,SELFEMPLOYED,PC_MENWAGE,A,2004,40.79682408,
ISL,WAGEGAP,SELFEMPLOYED,PC_MENWAGE,A,2005,34.34326261,
ISL,WAGEGAP,SELFEMPLOYED,PC_MENWAGE,A,2006,28.2817486,
ISL,WAGEGAP,SELFEMPLOYED,PC_MENWAGE,A,2007,24.90111679,
ISL,WAGEGAP,SELFEMPLOYED,PC_MENWAGE,A,2008,20.50067541,
ISL,WAGEGAP,SELFEMPLOYED,PC_MENWAGE,A,2009,15.90236775,
ISL,WAGEGAP,SELFEMPLOYED,PC_MENWAGE,A,2010,11.35181234,
ISL,WAGEGAP,SELFEMPLOYED,PC_MENWAGE,A,2011,17.47072312,
ISL,WAGEGAP,SELFEMPLOYED,PC_MENWAGE,A,2012,19.39022618,
IRL,WAGEGAP,SELFEMPLOYED,PC_MENWAGE,A,2003,25.48211955,
IRL,WAGEGAP,SELFEMPLOYED,PC_MENWAGE,A,2004,28.41180614,
IRL,WAGEGAP,SELFEMPLOYED,PC_MENWAGE,A,2005,28.56875109,
IRL,WAGEGAP,SELFEMPLOYED,PC_MENWAGE,A,2006,33.64665563,
IRL,WAGEGAP,SELFEMPLOYED,PC_MENWAGE,A,2007,29.9994706,
IRL,WAGEGAP,SELFEMPLOYED,PC_MENWAGE,A,2008,26.54109015,
IRL,WAGEGAP,SELFEMPLOYED,PC_MENWAGE,A,2009,19.36637809,
IRL,WAGEGAP,SELFEMPLOYED,PC_MENWAGE,A,2010,21.43105037,
IRL,WAGEGAP,SELFEMPLOYED,PC_MENWAGE,A,2011,23.74649501,
IRL,WAGEGAP,SELFEMPLOYED,PC_MENWAGE,A,2012,25.63796371,
ITA,WAGEGAP,SELFEMPLOYED,PC_MENWAGE,A,2006,48.01537345,
ITA,WAGEGAP,SELFEMPLOYED,PC_MENWAGE,A,2007,48.11110317,
ITA,WAGEGAP,SELFEMPLOYED,PC_MENWAGE,A,2008,46.70810708,
ITA,WAGEGAP,SELFEMPLOYED,PC_MENWAGE,A,2009,49.46836166,
ITA,WAGEGAP,SELFEMPLOYED,PC_MENWAGE,A,2010,52.69918598,
ITA,WAGEGAP,SELFEMPLOYED,PC_MENWAGE,A,2011,55.529672,
ITA,WAGEGAP,SELFEMPLOYED,PC_MENWAGE,A,2012,55.41043169,
LUX,WAGEGAP,SELFEMPLOYED,PC_MENWAGE,A,2003,46.46174867,
LUX,WAGEGAP,SELFEMPLOYED,PC_MENWAGE,A,2004,45.35271122,
LUX,WAGEGAP,SELFEMPLOYED,PC_MENWAGE,A,2005,37.06575587,
LUX,WAGEGAP,SELFEMPLOYED,PC_MENWAGE,A,2006,42.7744672,
LUX,WAGEGAP,SELFEMPLOYED,PC_MENWAGE,A,2007,45.74539292,
LUX,WAGEGAP,SELFEMPLOYED,PC_MENWAGE,A,2008,44.47560006,
LUX,WAGEGAP,SELFEMPLOYED,PC_MENWAGE,A,2009,36.78249078,
LUX,WAGEGAP,SELFEMPLOYED,PC_MENWAGE,A,2010,25.90634013,
LUX,WAGEGAP,SELFEMPLOYED,PC_MENWAGE,A,2011,22.90960483,
LUX,WAGEGAP,SELFEMPLOYED,PC_MENWAGE,A,2012,20.53765846,
MEX,WAGEGAP,SELFEMPLOYED,PC_MENWAGE,A,2005,51.14848536,
MEX,WAGEGAP,SELFEMPLOYED,PC_MENWAGE,A,2006,53.7073333,
MEX,WAGEGAP,SELFEMPLOYED,PC_MENWAGE,A,2007,46.11365496,
MEX,WAGEGAP,SELFEMPLOYED,PC_MENWAGE,A,2008,43.91455654,
MEX,WAGEGAP,SELFEMPLOYED,PC_MENWAGE,A,2009,43.0036832,
MEX,WAGEGAP,SELFEMPLOYED,PC_MENWAGE,A,2010,46.48017934,
MEX,WAGEGAP,SELFEMPLOYED,PC_MENWAGE,A,2011,46.60981687,
MEX,WAGEGAP,SELFEMPLOYED,PC_MENWAGE,A,2012,47.21899282,
MEX,WAGEGAP,SELFEMPLOYED,PC_MENWAGE,A,2013,47.5938227,
NLD,WAGEGAP,SELFEMPLOYED,PC_MENWAGE,A,2004,37.01441901,
NLD,WAGEGAP,SELFEMPLOYED,PC_MENWAGE,A,2005,38.55967095,
NLD,WAGEGAP,SELFEMPLOYED,PC_MENWAGE,A,2006,42.26968524,
NLD,WAGEGAP,SELFEMPLOYED,PC_MENWAGE,A,2007,44.16866593,
NLD,WAGEGAP,SELFEMPLOYED,PC_MENWAGE,A,2008,41.46991203,
NLD,WAGEGAP,SELFEMPLOYED,PC_MENWAGE,A,2009,35.0529637,
NLD,WAGEGAP,SELFEMPLOYED,PC_MENWAGE,A,2010,30.31410359,
NLD,WAGEGAP,SELFEMPLOYED,PC_MENWAGE,A,2011,27.78578462,
NLD,WAGEGAP,SELFEMPLOYED,PC_MENWAGE,A,2012,28.36369322,
NZL,WAGEGAP,SELFEMPLOYED,PC_MENWAGE,A,2003,29.39921891,
NZL,WAGEGAP,SELFEMPLOYED,PC_MENWAGE,A,2004,32.85331465,
NZL,WAGEGAP,SELFEMPLOYED,PC_MENWAGE,A,2005,34.96927179,
NZL,WAGEGAP,SELFEMPLOYED,PC_MENWAGE,A,2006,33.73505953,
NZL,WAGEGAP,SELFEMPLOYED,PC_MENWAGE,A,2007,36.14704132,
NZL,WAGEGAP,SELFEMPLOYED,PC_MENWAGE,A,2008,34.7755928,
NZL,WAGEGAP,SELFEMPLOYED,PC_MENWAGE,A,2009,35.37061424,
NZL,WAGEGAP,SELFEMPLOYED,PC_MENWAGE,A,2010,34.47785064,
NZL,WAGEGAP,SELFEMPLOYED,PC_MENWAGE,A,2011,32.89286493,
NZL,WAGEGAP,SELFEMPLOYED,PC_MENWAGE,A,2012,31.17962662,
NZL,WAGEGAP,SELFEMPLOYED,PC_MENWAGE,A,2013,30.86295354,
NOR,WAGEGAP,SELFEMPLOYED,PC_MENWAGE,A,2003,32.32258455,
NOR,WAGEGAP,SELFEMPLOYED,PC_MENWAGE,A,2004,32.48557343,
NOR,WAGEGAP,SELFEMPLOYED,PC_MENWAGE,A,2005,30.87851707,
NOR,WAGEGAP,SELFEMPLOYED,PC_MENWAGE,A,2006,27.91964301,
NOR,WAGEGAP,SELFEMPLOYED,PC_MENWAGE,A,2007,26.3600797,
NOR,WAGEGAP,SELFEMPLOYED,PC_MENWAGE,A,2008,28.09613403,
NOR,WAGEGAP,SELFEMPLOYED,PC_MENWAGE,A,2009,28.10397795,
NOR,WAGEGAP,SELFEMPLOYED,PC_MENWAGE,A,2010,26.65662606,
NOR,WAGEGAP,SELFEMPLOYED,PC_MENWAGE,A,2011,25.35113615,
NOR,WAGEGAP,SELFEMPLOYED,PC_MENWAGE,A,2012,25.44876069,
POL,WAGEGAP,SELFEMPLOYED,PC_MENWAGE,A,2004,53.69145016,
POL,WAGEGAP,SELFEMPLOYED,PC_MENWAGE,A,2005,54.65533638,
POL,WAGEGAP,SELFEMPLOYED,PC_MENWAGE,A,2006,53.15017104,
POL,WAGEGAP,SELFEMPLOYED,PC_MENWAGE,A,2007,56.82786251,
POL,WAGEGAP,SELFEMPLOYED,PC_MENWAGE,A,2008,58.06635648,
POL,WAGEGAP,SELFEMPLOYED,PC_MENWAGE,A,2009,61.63500245,
POL,WAGEGAP,SELFEMPLOYED,PC_MENWAGE,A,2010,61.6319107,
POL,WAGEGAP,SELFEMPLOYED,PC_MENWAGE,A,2011,61.92813305,
POL,WAGEGAP,SELFEMPLOYED,PC_MENWAGE,A,2012,61.83429884,
PRT,WAGEGAP,SELFEMPLOYED,PC_MENWAGE,A,2006,62.25011998,
PRT,WAGEGAP,SELFEMPLOYED,PC_MENWAGE,A,2007,60.92239684,
PRT,WAGEGAP,SELFEMPLOYED,PC_MENWAGE,A,2008,60.39190563,
PRT,WAGEGAP,SELFEMPLOYED,PC_MENWAGE,A,2009,58.39019692,
PRT,WAGEGAP,SELFEMPLOYED,PC_MENWAGE,A,2010,59.24471813,
PRT,WAGEGAP,SELFEMPLOYED,PC_MENWAGE,A,2011,58.6957317,
PRT,WAGEGAP,SELFEMPLOYED,PC_MENWAGE,A,2012,59.61629368,
SVK,WAGEGAP,SELFEMPLOYED,PC_MENWAGE,A,2004,21.46561591,
SVK,WAGEGAP,SELFEMPLOYED,PC_MENWAGE,A,2005,19.86986631,
SVK,WAGEGAP,SELFEMPLOYED,PC_MENWAGE,A,2006,23.73948365,
SVK,WAGEGAP,SELFEMPLOYED,PC_MENWAGE,A,2007,26.85340828,
SVK,WAGEGAP,SELFEMPLOYED,PC_MENWAGE,A,2008,29.88481169,
SVK,WAGEGAP,SELFEMPLOYED,PC_MENWAGE,A,2009,31.57911587,
SVK,WAGEGAP,SELFEMPLOYED,PC_MENWAGE,A,2010,30.92767276,
SVK,WAGEGAP,SELFEMPLOYED,PC_MENWAGE,A,2011,32.20732065,
SVK,WAGEGAP,SELFEMPLOYED,PC_MENWAGE,A,2012,31.30545096,
ESP,WAGEGAP,SELFEMPLOYED,PC_MENWAGE,A,2005,38.98350088,
ESP,WAGEGAP,SELFEMPLOYED,PC_MENWAGE,A,2006,37.54260759,
ESP,WAGEGAP,SELFEMPLOYED,PC_MENWAGE,A,2007,36.20565148,
ESP,WAGEGAP,SELFEMPLOYED,PC_MENWAGE,A,2008,31.65397301,
ESP,WAGEGAP,SELFEMPLOYED,PC_MENWAGE,A,2009,29.97128148,
ESP,WAGEGAP,SELFEMPLOYED,PC_MENWAGE,A,2010,24.73823566,
ESP,WAGEGAP,SELFEMPLOYED,PC_MENWAGE,A,2011,23.4889492,
ESP,WAGEGAP,SELFEMPLOYED,PC_MENWAGE,A,2012,20.16619507,
SWE,WAGEGAP,SELFEMPLOYED,PC_MENWAGE,A,2003,5.566273818,
SWE,WAGEGAP,SELFEMPLOYED,PC_MENWAGE,A,2004,13.16923535,
SWE,WAGEGAP,SELFEMPLOYED,PC_MENWAGE,A,2005,18.0811375,
SWE,WAGEGAP,SELFEMPLOYED,PC_MENWAGE,A,2006,19.74643464,
SWE,WAGEGAP,SELFEMPLOYED,PC_MENWAGE,A,2007,12.05308316,
SWE,WAGEGAP,SELFEMPLOYED,PC_MENWAGE,A,2008,9.974877704,
SWE,WAGEGAP,SELFEMPLOYED,PC_MENWAGE,A,2009,15.58998178,
SWE,WAGEGAP,SELFEMPLOYED,PC_MENWAGE,A,2010,17.9980841,
SWE,WAGEGAP,SELFEMPLOYED,PC_MENWAGE,A,2011,17.935426,
SWE,WAGEGAP,SELFEMPLOYED,PC_MENWAGE,A,2012,17.3213353,
CHE,WAGEGAP,SELFEMPLOYED,PC_MENWAGE,A,2007,58.17344161,
CHE,WAGEGAP,SELFEMPLOYED,PC_MENWAGE,A,2008,56.09235854,
CHE,WAGEGAP,SELFEMPLOYED,PC_MENWAGE,A,2009,51.42194515,
CHE,WAGEGAP,SELFEMPLOYED,PC_MENWAGE,A,2010,50.67003169,
CHE,WAGEGAP,SELFEMPLOYED,PC_MENWAGE,A,2011,49.34986294,
CHE,WAGEGAP,SELFEMPLOYED,PC_MENWAGE,A,2012,51.11074586,
GBR,WAGEGAP,SELFEMPLOYED,PC_MENWAGE,A,2004,46.03620014,
GBR,WAGEGAP,SELFEMPLOYED,PC_MENWAGE,A,2005,44.91969299,
GBR,WAGEGAP,SELFEMPLOYED,PC_MENWAGE,A,2006,43.58445389,
GBR,WAGEGAP,SELFEMPLOYED,PC_MENWAGE,A,2007,39.92859015,
GBR,WAGEGAP,SELFEMPLOYED,PC_MENWAGE,A,2008,38.44080643,
GBR,WAGEGAP,SELFEMPLOYED,PC_MENWAGE,A,2009,38.21544281,
GBR,WAGEGAP,SELFEMPLOYED,PC_MENWAGE,A,2010,40.42115736,
GBR,WAGEGAP,SELFEMPLOYED,PC_MENWAGE,A,2011,39.59992317,
GBR,WAGEGAP,SELFEMPLOYED,PC_MENWAGE,A,2012,39.0329938,
USA,WAGEGAP,SELFEMPLOYED,PC_MENWAGE,A,2005,46.91123045,
USA,WAGEGAP,SELFEMPLOYED,PC_MENWAGE,A,2006,46.34438512,
USA,WAGEGAP,SELFEMPLOYED,PC_MENWAGE,A,2007,45.7191524,
USA,WAGEGAP,SELFEMPLOYED,PC_MENWAGE,A,2008,45.04987709,
USA,WAGEGAP,SELFEMPLOYED,PC_MENWAGE,A,2009,44.47856499,
USA,WAGEGAP,SELFEMPLOYED,PC_MENWAGE,A,2010,42.61617351,
USA,WAGEGAP,SELFEMPLOYED,PC_MENWAGE,A,2011,42.95103326,
USA,WAGEGAP,SELFEMPLOYED,PC_MENWAGE,A,2012,43.32180989,
USA,WAGEGAP,SELFEMPLOYED,PC_MENWAGE,A,2013,43.9527052,
EST,WAGEGAP,SELFEMPLOYED,PC_MENWAGE,A,2003,18.58316646,
EST,WAGEGAP,SELFEMPLOYED,PC_MENWAGE,A,2004,14.18298179,
EST,WAGEGAP,SELFEMPLOYED,PC_MENWAGE,A,2005,9.082829053,
EST,WAGEGAP,SELFEMPLOYED,PC_MENWAGE,A,2006,2.404143613,
EST,WAGEGAP,SELFEMPLOYED,PC_MENWAGE,A,2007,-7.364853464,
EST,WAGEGAP,SELFEMPLOYED,PC_MENWAGE,A,2008,-23.14299979,
EST,WAGEGAP,SELFEMPLOYED,PC_MENWAGE,A,2009,-28.11711358,
EST,WAGEGAP,SELFEMPLOYED,PC_MENWAGE,A,2010,-30.3799667,
EST,WAGEGAP,SELFEMPLOYED,PC_MENWAGE,A,2011,-25.50545519,
EST,WAGEGAP,SELFEMPLOYED,PC_MENWAGE,A,2012,-28.90340999,
RUS,WAGEGAP,SELFEMPLOYED,PC_MENWAGE,A,2012,34.96732671,
SVN,WAGEGAP,SELFEMPLOYED,PC_MENWAGE,A,2004,28.55167328,
SVN,WAGEGAP,SELFEMPLOYED,PC_MENWAGE,A,2005,29.83193044,
SVN,WAGEGAP,SELFEMPLOYED,PC_MENWAGE,A,2006,29.04447943,
SVN,WAGEGAP,SELFEMPLOYED,PC_MENWAGE,A,2007,28.61246966,
SVN,WAGEGAP,SELFEMPLOYED,PC_MENWAGE,A,2008,27.70612815,
SVN,WAGEGAP,SELFEMPLOYED,PC_MENWAGE,A,2009,29.53689865,
SVN,WAGEGAP,SELFEMPLOYED,PC_MENWAGE,A,2010,32.83021325,
SVN,WAGEGAP,SELFEMPLOYED,PC_MENWAGE,A,2011,33.93263857,
SVN,WAGEGAP,SELFEMPLOYED,PC_MENWAGE,A,2012,33.21211476,
OAVG,WAGEGAP,SELFEMPLOYED,PC_MENWAGE,A,2006,36.29108469,
OAVG,WAGEGAP,SELFEMPLOYED,PC_MENWAGE,A,2007,36.17635655,
OAVG,WAGEGAP,SELFEMPLOYED,PC_MENWAGE,A,2008,34.50881474,
OAVG,WAGEGAP,SELFEMPLOYED,PC_MENWAGE,A,2009,33.58174181,
OAVG,WAGEGAP,SELFEMPLOYED,PC_MENWAGE,A,2010,33.16005473,
OAVG,WAGEGAP,SELFEMPLOYED,PC_MENWAGE,A,2011,33.51407399,
OAVG,WAGEGAP,SELFEMPLOYED,PC_MENWAGE,A,2012,32.44913749,
COL,WAGEGAP,TOT,PC_MENWAGE,A,2007,1.339,
COL,WAGEGAP,TOT,PC_MENWAGE,A,2008,1.74,
COL,WAGEGAP,TOT,PC_MENWAGE,A,2009,3.385,
COL,WAGEGAP,TOT,PC_MENWAGE,A,2010,6.4310002,
COL,WAGEGAP,TOT,PC_MENWAGE,A,2011,3.5350001,
COL,WAGEGAP,TOT,PC_MENWAGE,A,2012,8.198,
COL,WAGEGAP,TOT,PC_MENWAGE,A,2013,7.1430001,
COL,WAGEGAP,TOT,PC_MENWAGE,A,2014,9.6000004,
COL,WAGEGAP,TOT,PC_MENWAGE,A,2015,11.142,
CRI,WAGEGAP,TOT,PC_MENWAGE,A,2011,4.631,
CRI,WAGEGAP,TOT,PC_MENWAGE,A,2012,0.55199999,
CRI,WAGEGAP,TOT,PC_MENWAGE,A,2014,5.1500001,
CRI,WAGEGAP,TOT,PC_MENWAGE,A,2015,3.704,
EU28,WAGEGAP,TOT,PC_MENWAGE,A,2006,20.285999,
EU28,WAGEGAP,TOT,PC_MENWAGE,A,2010,18.909,
EU28,WAGEGAP,TOT,PC_MENWAGE,A,2014,19.127001,